Products,Price($),URL
ASUS TUF Gaming NVIDIA GeForce RTX 3080 V2 OC Edition Graphics Card (PCIe 4.0 10GB GDDR6X LHR HDMI 2.1 DisplayPort 1.4a Dual Ball Fan Bearings Military-grade Certification GPU Tweak II) and ASUS ROG STRIX 850G 850W Gold Power Supply ROG Hea,1524,https://www.newegg.ca/Product/ComboDealDetails?ItemList=Combo.4487243
MSI Ventus GeForce RTX 3080 10GB GDDR6X PCI Express 4.0 Video Card RTX 3080 VENTUS 3X PLUS 10G OC LHR,1552,https://www.newegg.ca/p/1FT-0009-00704?Description=3080&cm_re=3080-_-1FT-0009-00704-_-Product
ZOTAC TRINITY OC LHR GeForce RTX 3080 10GB GDDR6X PCI Express 4.0 Video Card ZT-A30800J-10PLHR,1579,https://www.newegg.ca/zotac-geforce-rtx-3080-zt-a30800j-10plhr/p/N82E16814500520?Description=3080&cm_re=3080-_-14-500-520-_-Product
MSI Ventus GeForce RTX 3080 10GB GDDR6X PCI Express 4.0 Video Card RTX 3080 VENTUS 3X 10G OC LHR,1647,https://www.newegg.ca/p/1FT-0009-006M5?Description=3080&cm_re=3080-_-1FT-0009-006M5-_-Product
GIGABYTE Gaming OC GeForce RTX 3080 10GB GDDR6X PCI Express 4.0 ATX Video Card GV-N3080GAMING OC-10GD (rev. 2.0) (LHR),1666,https://www.newegg.ca/gigabyte-geforce-rtx-3080-gv-n3080gaming-oc-10gd/p/N82E16814932459?Description=3080&cm_re=3080-_-14-932-459-_-Product
INNO3D GeForce RTX 3080 Ice Dragon Super Edition (LHR) Graphics Card 10GB 320-bit GDDR6X PCI Express 4.0 1×HDMI 2.1 Interface 3×DisplayPort 1.4a Interface,1719,https://www.newegg.ca/inno3d-geforce-rtx-3080-rtx-3080-ice-dragon-super-edition-lhr/p/1FT-000N-001G0?Description=3080&cm_re=3080-_-1FT-000N-001G0-_-Product
GIGABYTE GeForce RTX 3080 VISION OC 10GB Video Card GV-N3080VISION OC-10GD (REV2.0),1759,https://www.newegg.ca/p/1FT-000A-002F0?Description=3080&cm_re=3080-_-1FT-000A-002F0-_-Product
Rosewill Hive Series 850W Full Modular Gaming Power Supply 80 PLUS Bronze Certified Single +12V Rail SLI CrossFire Ready - Hive-850s and ASUS TUF Gaming NVIDIA GeForce RTX 3080 OC Edition Graphics Card (PCIe 4.0 12GB GDDR6X LHR HDMI 2.1 Dis,1759,https://www.newegg.ca/Product/ComboDealDetails?ItemList=Combo.4482196
Rosewill - BRONZE Series - 1000-Watt Active PFC Power Supply - Continuous 104 Deg. F (40C) 80 PLUS Bronze Semi-Modular Cable Design ATX 12V v2.3 / EPS 12V SLI CrossFire Ready - RBR1000-MS and ASUS TUF Gaming NVIDIA GeForce RTX 3080 OC Editi,1774,https://www.newegg.ca/Product/ComboDealDetails?ItemList=Combo.4482194
ASUS TUF Gaming NVIDIA GeForce RTX 3080 O10G V2 GAMING Edition Graphics Card (PCIe 4.0 10GB GDDR6X LHR HDMI 2.1 DisplayPort 1.4a Dual Ball Fan Bearings Military-grade Certification),1779,https://www.newegg.ca/asus-geforce-rtx-3080-tuf-rtx3080-o10g-v2-gaming/p/1FT-000Y-006C3?Description=3080&cm_re=3080-_-1FT-000Y-006C3-_-Product
GIGABYTE Vision OC GeForce RTX 3080 10GB GDDR6X PCI Express 4.0 ATX Video Card GV-N3080VISION OC-10GD (rev. 2.0) (LHR),1780,https://www.newegg.ca/p/1FT-000A-002M3?Description=3080&cm_re=3080-_-1FT-000A-002M3-_-Product
Rosewill SMG850 80 Plus Gold Certified 850W Fully Modular Power Supply | ATX 12V v2.31 EPS 12V v2.92 | 135mm Quiet Fan | Japanese Capacitors | 5 Year Warranty and ASUS TUF Gaming NVIDIA GeForce RTX 3080 OC Edition Graphics Card (PCIe 4.0 12,1789,https://www.newegg.ca/Product/ComboDealDetails?ItemList=Combo.4482198
MSI Ventus GeForce RTX 3080 12GB GDDR6X PCI Express 4.0 Video Card RTX 3080 VENTUS 3X PLUS 12G OC LHR,1799,https://www.newegg.ca/msi-geforce-rtx-3080-rtx-3080-ventus-3x-plus-12g-oc-lhr/p/N82E16814137712?Description=3080&cm_re=3080-_-14-137-712-_-Product
ASUS TUF Gaming NVIDIA GeForce RTX 3080 V2 OC Edition Graphics Card (PCIe 4.0 10GB GDDR6X LHR HDMI 2.1 DisplayPort 1.4a Dual Ball Fan Bearings Military-grade Certification GPU Tweak II),1799,https://www.newegg.ca/asus-tuf-rtx3080-o10g-v2-gaming/p/1FT-000Y-00688?Description=3080&cm_re=3080-_-1FT-000Y-00688-_-Product
ZOTAC Trinity OC GeForce RTX 3080 12GB GDDR6X PCI Express 4.0 ATX Video Card ZT-A30820J-10PLHR,1858,https://www.newegg.ca/zotac-geforce-rtx-3080-zt-a30820j-10plhr/p/N82E16814500526?Description=3080&cm_re=3080-_-14-500-526-_-Product
MSI Raphic Cards GeForce RTX 3080 VENTUS 3X 10G OC LHR 10GB GDDR6X Graphics Cards 320bit HDCP,1888,https://www.newegg.ca/p/1FT-0009-008H1?Description=3080&cm_re=3080-_-9SIB518HCJ0696-_-Product
Rosewill Hive Series 850W Full Modular Gaming Power Supply 80 PLUS Bronze Certified Single +12V Rail SLI CrossFire Ready - Hive-850s and ASUS ROG Strix NVIDIA GeForce RTX 3080 OC Edition Gaming Graphics Card (PCIe 4.0 12GB GDDR6X LHR HDMI 2,1909,https://www.newegg.ca/Product/ComboDealDetails?ItemList=Combo.4484196
EVGA GeForce RTX 3080 12GB XC3 BLACK GAMING Video Card 12G-P5-4861-KL 12GB GDDR6X iCX3 Cooling ARGB LED LHR,1911,https://www.newegg.ca/evga-geforce-rtx-3080-12g-p5-4861-kl/p/N82E16814487559?Description=3080&cm_re=3080-_-9SIB277HSS2695-_-Product
Rosewill - BRONZE Series - 1000-Watt Active PFC Power Supply - Continuous 104 Deg. F (40C) 80 PLUS Bronze Semi-Modular Cable Design ATX 12V v2.3 / EPS 12V SLI CrossFire Ready - RBR1000-MS and ASUS ROG Strix NVIDIA GeForce RTX 3080 OC Editio,1924,https://www.newegg.ca/Product/ComboDealDetails?ItemList=Combo.4484192
MSI Gaming GeForce RTX 3080 10GB GDDR6X PCI Express 4.0 ATX Video Card RTX 3080 GAMING Z TRIO 10G,1936,https://www.newegg.ca/msi-geforce-rtx-3080-gaming-z-trio-10g/p/N82E16814137652?Description=3080&cm_re=3080-_-14-137-652-_-Product
Rosewill SMG850 80 Plus Gold Certified 850W Fully Modular Power Supply | ATX 12V v2.31 EPS 12V v2.92 | 135mm Quiet Fan | Japanese Capacitors | 5 Year Warranty and ASUS ROG Strix NVIDIA GeForce RTX 3080 OC Edition Gaming Graphics Card (PCIe,1939,https://www.newegg.ca/Product/ComboDealDetails?ItemList=Combo.4484194
GIGABYTE AORUS GeForce RTX 3080 XTREME 10GB GDDR6X PCI Express 4.0 ATX Video Card GV-N3080AORUS X-10GD (rev. 2.0) (LHR),1959,https://www.newegg.ca/gigabyte-geforce-rtx-3080-gv-n3080aorus-x-10gd/p/N82E16814932457?Description=3080&cm_re=3080-_-14-932-457-_-Product
ZOTAC Trinity OC GeForce RTX 3080 Ti 12GB GDDR6X PCI Express 4.0 ATX Video Card ZT-A30810J-10P,1969,https://www.newegg.ca/zotac-geforce-rtx-3080-ti-zt-a30810j-10p/p/N82E16814500521?Description=3080&cm_re=3080-_-14-500-521-_-Product
MSI Ventus GeForce RTX 3080 Ti 12GB GDDR6X PCI Express 4.0 ATX Video Card RTX 3080 Ti Ventus 3X 12G OC,1999,https://www.newegg.ca/msi-geforce-rtx-3080-ti-rtx-3080-ti-ventus-3x-12g-oc/p/N82E16814137651?Description=3080&cm_re=3080-_-14-137-651-_-Product
GIGABYTE AORUS GeForce RTX 3080 MASTER 10GB GDDR6X PCI Express 4.0 ATX Video Card GV-N3080AORUS M-10GD (rev. 3.0) (LHR),1999,https://www.newegg.ca/gigabyte-geforce-rtx-3080-gv-n3080aorus-m-10gd/p/N82E16814932458?Description=3080&cm_re=3080-_-14-932-458-_-Product
GDDR6X MSI GeForce RTX 3080 VENTUS 3X 10G OC LHR Graphics Card RTX 3080 10GB 320bit PCI Express 4.0,1999,https://www.newegg.ca/p/1FT-0009-008G1?Description=3080&cm_re=3080-_-9SIB518HCJ0269-_-Product
ASUS ROG Strix GeForce RTX 3080 10GB GDDR6X PCI Express 4.0 x16 Video Card ROG-STRIX-RTX3080-O10G-V2-GAMING LHR,2000,https://www.newegg.ca/p/1FT-000Y-00669?Description=3080&cm_re=3080-_-1FT-000Y-00669-_-Product
EVGA GeForce RTX 3080 12GB GDDR6X PCI Express 4.0 ATX Video Card 12G-P5-4877-KL and EVGA SuperNOVA 1000 G5 80 Plus Gold 1000W Fully Modular Eco Mode with FDB Fan 10 Year Warranty Includes Power ON Self Tester Compact 150mm Size Power Supply,2004,https://www.newegg.ca/Product/ComboDealDetails?ItemList=Combo.4474989
ASUS TUF Gaming GeForce RTX 3080 Ti 12GB GDDR6X PCI Express 4.0 Video Card TUF-RTX3080TI-O12G-GAMING,2049,https://www.newegg.ca/asus-geforce-rtx-3080-ti-tuf-rtx3080ti-o12g-gaming/p/N82E16814126509?Description=3080&cm_re=3080-_-14-126-509-_-Product
MSI GeForce RTX 3080 Ventus 3X Plus LHR Graphics Card 10GB GDRR6X 320-Bit 19 Gbps PCI Express 4.0 Triple Fan TORX Fan 3.0 1x HDMI 3x DisplayPort 1.4a + HDMI 2.1 Cable(4k@120Hz/8K@60Hz),2069,https://www.newegg.ca/p/1FT-0009-00935?Description=3080&cm_re=3080-_-9SIACBDHXX3984-_-Product
MSI GeForce RTX 3080 Ventus 3X Plus LHR Graphics Card 10GB GDRR6X 320-Bit 19 Gbps PCI Express 4.0 Triple Fan TORX Fan 3.0 1x HDMI 3x DisplayPort 1.4a + HDMI Cable,2069,https://www.newegg.ca/p/1FT-0009-00934?Description=3080&cm_re=3080-_-9SIACBDHXX3980-_-Product
MSI Suprim GeForce RTX 3080 10GB GDDR6X Video Card RTX 3080 SUPRIM X 10G LHR,2070,https://www.newegg.ca/p/1FT-0009-006H1?Description=3080&cm_re=3080-_-1FT-0009-006H1-_-Product
GAINWARD Gaming GeForce RTX 3080 Ti 12GB GDDR6X PCI Express 4.0 Video Card RTX 3080 Ti Gaming X Trio 12G,2082,https://www.newegg.ca/gainward-ga102-225/p/1FT-00FZ-00003?Description=3080&cm_re=3080-_-9SIB86YH6Z8122-_-Product
GIGABYTE GeForce RTX 3080 GAMING OC 10GB Video Card GV-N3080GAMING OC-10GD,2084,https://www.newegg.ca/gigabyte-geforce-rtx-3080-gv-n3080gaming-oc-10gd/p/N82E16814932329?Description=3080&cm_re=3080-_-9SIAVT9H3M8413-_-Product
ZOTAC AMP Holo GeForce RTX 3080 Ti 12GB GDDR6X PCI Express 4.0 Video Card ZT-A30810F-10P,2099,https://www.newegg.ca/zotac-zt-a30810f-10p/p/N82E16814500515?Description=3080&cm_re=3080-_-14-500-515-_-Product
ASUS ROG Strix GeForce RTX 3080 10GB GDDR6X PCI Express 4.0 Video Card ROG-STRIX-RTX3080-O10G-WHITE-V2 LHR,2099,https://www.newegg.ca/p/1FT-000Y-00654?Description=3080&cm_re=3080-_-1FT-000Y-00654-_-Product
GIGABYTE Vision GeForce RTX 3080 Ti 12GB GDDR6X PCI Express 4.0 ATX Video Card GV-N308TVISION OC-12GD,2099,https://www.newegg.ca/gigabyte-geforce-rtx-3080-ti-gv-n308tvision-oc-12gd/p/N82E16814932437R?Description=3080&cm_re=3080-_-14-932-437R-_-Product
GIGABYTE GeForce RTX 3080 VISION OC 10GB Video Card GV-N3080VISION OC-10GD,2114,https://www.newegg.ca/gigabyte-geforce-rtx-3080-gv-n3080vision-oc-10gd/p/N82E16814932337?Description=3080&cm_re=3080-_-9SIAVT9H3M8414-_-Product
ASUS ROG Strix NVIDIA GeForce RTX 3080 Ti OC Edition Gaming Graphics Card (PCIe 4.0 12GB GDDR6X HDMI 2.1 Axial-tech Fan Design 2.9-Slot Super Alloy Power II ASUS Auto-Extreme Technology),2124,https://www.newegg.ca/asus-geforce-rtx-3080-ti-rog-strix-rtx3080ti-o12g-gaming/p/N82E16814126508R?Description=3080&cm_re=3080-_-14-126-508R-_-Product
GIGABYTE Eagle GeForce RTX 3080 10GB GDDR6X PCI Express 4.0 ATX Video Card GV-N3080EAGLE-10GD (rev. 2.0) (LHR),2165,https://www.newegg.ca/gigabyte-geforce-rtx-3080-gv-n3080eagle-10gd/p/N82E16814932461?Description=3080&cm_re=3080-_-14-932-461-_-Product
GIGABYTE AORUS GeForce RTX 3080 12GB GDDR6X PCI Express 4.0 ATX Video Card GV-N3080AORUS M-12GD,2166,https://www.newegg.ca/gigabyte-geforce-rtx-3080-gv-n3080aorus-m-12gd/p/N82E16814932505?Description=3080&cm_re=3080-_-9SIAPBWH1N6080-_-Product
ASUS TUF Gaming GeForce RTX 3080 Ti 12GB GDDR6X PCI Express 4.0 Video Card TUF-RTX3080TI-O12G-GAMING and Rosewill - BRONZE Series - 1000-Watt Active PFC Power Supply - Continuous 104 Deg. F (40C) 80 PLUS Bronze Semi-Modular Cable Design ATX,2169,https://www.newegg.ca/Product/ComboDealDetails?ItemList=Combo.4484330
ASUS ROG STRIX GeForce RTX 3080 10GB GDDR6X PCI Express 4.0 x16 ATX Video Card ROG-STRIX-RTX3080-O10G-WHITE-V2 (LHR),2174,https://www.newegg.ca/p/1FT-000Y-00690?Description=3080&cm_re=3080-_-1FT-000Y-00690-_-Product
GDDR6X MSI GeForce RTX 3080 GAMING Z TRIO 10G LHR Graphics Card 10GB 320bit PCI Express 4.0 16X RTX,2219,https://www.newegg.ca/p/1FT-0009-008J5?Description=3080&cm_re=3080-_-1FT-0009-008J5-_-Product
Colorful iGame GeForce RTX 3080 10GB Vulcan LHR Graphics Card 1440-1800Mhz GDDR6X 320bit,2219,https://www.newegg.ca/p/1FT-00D0-00043?Description=3080&cm_re=3080-_-9SIAX76HU71595-_-Product
GIGABYTE Gaming GeForce RTX 3080 Ti 12GB GDDR6X PCI Express 4.0 x16 ATX Video Card GV-N308TGAMING OC-12GD,2221,https://www.newegg.ca/p/1FT-000A-002A6?Description=3080&cm_re=3080-_-1FT-000A-002A6-_-Product
GIGABYTE AORUS GeForce RTX 3080 10GB GDDR6X PCI Express 4.0 ATX Video Card GV-N3080AORUS X-10GD (rev. 2.0) LHR,2239,https://www.newegg.ca/p/1FT-000A-002M6?Description=3080&cm_re=3080-_-9SIAPBWFVU1086-_-Product
EVGA GeForce RTX 3080 12GB XC3 ULTRA GAMING 12G-P5-4865-KL 12GB GDDR6X iCX3 Cooling ARGB LED Metal Backplate LHR,2249,https://www.newegg.ca/evga-geforce-rtx-3080-12g-p5-4865-kl/p/N82E16814487557?Description=3080&cm_re=3080-_-14-487-557-_-Product
GIGABYTE AORUS GeForce RTX 3080 XTREME WATERFORCE WB 10G (rev. 2.0) Graphics Card WATERFORCE Water Block Cooling System 10GB 320-bit GDDR6X GV-N3080AORUSX WB-10GD Rev2.0 Video Card (LHR),2252,https://www.newegg.ca/gigabyte-geforce-rtx-3080-gv-n3080aorusx-wb-10gd-rev2-0/p/N82E16814932477?Description=3080&cm_re=3080-_-14-932-477-_-Product
EVGA GeForce RTX 3080 XC3 ULTRA GAMING Video Card 10G-P5-3885-KL 10GB GDDR6X iCX3 Cooling ARGB LED Metal Backplate LHR,2260,https://www.newegg.ca/evga-geforce-rtx-3080-10g-p5-3885-kl/p/N82E16814487542?Description=3080&cm_re=3080-_-9SIB277FJW6918-_-Product
MSI Suprim GeForce RTX 3080 12GB GDDR6X PCI Express 4.0 Video Card RTX 3080 SUPRIM X 12G LHR,2277,https://www.newegg.ca/p/1FT-0009-008Y5?Description=3080&cm_re=3080-_-9SIAPBWH1N6079-_-Product
MSI Gaming GeForce RTX 3080 Ti 12GB GDDR6X PCI Express 4.0 Video Card RTX 3080 Ti Gaming X Trio 12G and MSI SPATIUM Series M.2 2280 2TB PCI-Express 4.0 x4 NVMe 1.3 3D NAND Internal Solid State Drive (SSD) M470,2284,https://www.newegg.ca/Product/ComboDealDetails?ItemList=Combo.4473875
MSI GeForce RTX 3080 AERO S 10G LHR Graphics 1905 MHz DisplayPort x 3 RTX 3080 Graphics card rtx3080 video card GDDR6X,2289,https://www.newegg.ca/msi-geforce-rtx-3080/p/1FT-0009-00937?Description=3080&cm_re=3080-_-9SIAVH1HV34341-_-Product
MSI Gaming GeForce RTX 3080 10GB Video Card RTX 3080 GAMING TRIO PLUS 10G LHR,2298,https://www.newegg.ca/msi-3080-gaming-trio-plus/p/1FT-0009-008U6?Description=3080&cm_re=3080-_-9SIAVH1HG51638-_-Product
MSI Suprim GeForce RTX 3080 Ti 12GB GDDR6X PCI Express 4.0 ATX Video Card RTX 3080 Ti SUPRIM X 12G,2299,https://www.newegg.ca/msi-geforce-rtx-3080-ti-suprim-x-12g/p/N82E16814137660?Description=3080&cm_re=3080-_-14-137-660-_-Product
GIGABYTE AORUS GeForce RTX 3080 XTREME WATERFORCE 10GB GDDR6X PCI Express 4.0 ATX Video Card GV-N3080AORUSX W-10GD (rev. 2.0) (LHR),2301,https://www.newegg.ca/gigabyte-geforce-rtx-3080-gv-n3080aorusx-w-10g-v2-0/p/N82E16814932472?Description=3080&cm_re=3080-_-14-932-472-_-Product
GIGABYTE GeForce RTX 3080 VISION OC 10GB Video Card GV-N3080VISION OC-10GDNOT LHR,2320,https://www.newegg.ca/p/1FT-000A-002C6?Description=3080&cm_re=3080-_-9SIAPBWFD56637-_-Product
MSI Suprim GeForce RTX 3080 10GB GDDR6X PCI Express 4.0 Video Card RTX 3080 SUPRIM X 10G,2356,https://www.newegg.ca/msi-geforce-rtx-3080-rtx3080-suprim-x-10g/p/N82E16814137609?Description=3080&cm_re=3080-_-14-137-609-_-Product
GDDR6X Gigabyte GeForce RTX 3080 GAMING OC 10G LHR Graphics Card 320bit PCI Express 4.0 16X PC RTX,2392,https://www.newegg.ca/p/1FT-000A-003U5?Description=3080&cm_re=3080-_-9SIB42GHD95676-_-Product
ZOTAC AMP Extreme Holo GeForce RTX 3080 Ti 12GB GDDR6X PCI Express 4.0 ATX Video Card ZT-A30810B-10P,2399,https://www.newegg.ca/zotac-geforce-rtx-3080-ti-zt-a30810b-10p/p/N82E16814500527?Description=3080&cm_re=3080-_-14-500-527-_-Product
GAINWARD GeForce RTX 3080  Glare G Edition Gaming Graphics Card (PCIe 4.0 10GB GDDR6X HDMI 2.1 320bit 1710MHz),2399,https://www.newegg.ca/gainward-ga102-202/p/27N-0075-00017?Description=3080&cm_re=3080-_-27N-0075-00017-_-Product
GIGABYTE GeForce RTX 3080 EAGLE 12G Graphics Card 3 x WINDFORCE Fans 12GB 384-bit GDDR6X GV-N3080EAGLE-12GD Video Card,2426,https://www.newegg.ca/gigabyte-geforce-rtx-3080-gv-n3080eagle-12gd/p/N82E16814932490?Description=3080&cm_re=3080-_-14-932-490-_-Product
ASUS ROG Strix GeForce RTX 3080 10GB GDDR6X PCI Express 4.0 Video Card ROG-STRIX-RTX3080-10G-GAMING,2445,https://www.newegg.ca/asus-geforce-rtx-3080-rog-strix-rtx3080-10g-gaming/p/N82E16814126469?Description=3080&cm_re=3080-_-9SIAVT9HA37549-_-Product
ASUS ROG Strix GeForce RTX 3080 10GB GDDR6X PCI Express 4.0 Video Card ROG-STRIX-RTX3080-O10G-GAMING,2447,https://www.newegg.ca/asus-geforce-rtx-3080-rog-strix-rtx3080-o10g-gaming/p/N82E16814126457?Description=3080&cm_re=3080-_-14-126-457-_-Product
ASUS TUF Gaming NVIDIA GeForce RTX 3080 OC Edition Graphics Card (PCIe 4.0 12GB GDDR6X LHR HDMI 2.1 DisplayPort 1.4a Dual Ball Fan Bearings Military-grade Certification GPU Tweak) and ASUS AM4 TUF Gaming X570-Plus (Wi-Fi) ATX Motherboard wi,2459,https://www.newegg.ca/Product/ComboDealDetails?ItemList=Combo.4471459
ASUS TUF Gaming NVIDIA GeForce RTX 3080 V2 OC Edition Graphics Card (PCIe 4.0 10GB GDDR6X LHR HDMI 2.1 DisplayPort 1.4a Dual Ball Fan Bearings Military-grade Certification GPU Tweak II) and Intel Core i9-11900K - Core i9 11th Gen Rocket Lak,2494,https://www.newegg.ca/Product/ComboDealDetails?ItemList=Combo.4433975
MSI GeForce RTX 3080 SUPRIM X 10G LHR Graphics Card 10GB 320-bit GDDR6X PCI Express 4.0 1×HDMI 2.1 Interface 3×DisplayPort 1.4a Interface,2499,https://www.newegg.ca/msi-geforce-rtx-3080-rtx-3080-suprim-x-10g-lhr/p/1FT-0009-008A4?Description=3080&cm_re=3080-_-9SIADDZGPR8609-_-Product
GIGABYTE Vision GeForce RTX 3080 Ti 12GB GDDR6X PCI Express 4.0 x16 ATX Video Card GV-N308TVISION OC-12GD,2519,https://www.newegg.ca/p/1FT-000A-002A5?Description=3080&cm_re=3080-_-1FT-000A-002A5-_-Product
MSI Gaming Z Trio 10G LHR NVIDIA GeForce RTX 3080 10GB GDDR6X Graphics Card,2533,https://www.newegg.ca/p/1FT-0009-008E2?Description=3080&cm_re=3080-_-1FT-0009-008E2-_-Product
MSI Raphic Cards GeForce RTX 3080 GAMING Z TRIO 10G LHR 10GB GDDR6X Graphics Cards 320bit HDCP,2536,https://www.newegg.ca/p/1FT-0009-008G8?Description=3080&cm_re=3080-_-1FT-0009-008G8-_-Product
MSI Gaming GeForce RTX 3080 10GB GDDR6X PCI Express 4.0 ATX Video Card RTX 3080 GAMING Z TRIO 10G LHR,2541,https://www.newegg.ca/p/1FT-0009-008V8?Description=3080&cm_re=3080-_-9SIB9EBH016309-_-Product
ASUS TUF Gaming GeForce RTX 3080 Ti 12GB GDDR6X PCI Express 4.0 Video Card TUF-RTX3080TI-O12G-GAMING and ASUS ROG STRIX Z590-A GAMING WIFI LGA 1200 Intel Z590 SATA 6Gb/s ATX Intel Motherboard and Rosewill SMG750 80 Plus Gold Certified 750W,2543,https://www.newegg.ca/Product/ComboDealDetails?ItemList=Combo.4452328
MSI Ventus GeForce RTX 3080 12GB GDDR6X PCI Express 4.0 Video Card RTX 3080 VENTUS 3X PLUS 12G OC LHR and AMD Ryzen 9 5900X - Ryzen 9 5000 Series Vermeer (Zen 3) 12-Core 3.7 GHz Socket AM4 105W Desktop Processor - 100-100000061WOF and MSI M,2573,https://www.newegg.ca/Product/ComboDealDetails?ItemList=Combo.4468512
GDDR6X MSI GeForce RTX 3080 SUPRIM X 10G LHR Graphics Card GDDR6X 320bit PCI Express 4.0 16X RTX,2591,https://www.newegg.ca/p/1FT-0009-008G2?Description=3080&cm_re=3080-_-9SIB518HCJ0509-_-Product
GDDR6X MSI GeForce RTX 3080 SUPRIM X 10G LHR Graphics Card 19000MHz GDDR6X 10GB 320bit 7680×4320 RTX,2599,https://www.newegg.ca/p/1FT-0009-008K4?Description=3080&cm_re=3080-_-9SIB518HCJ2727-_-Product
GIGABYTE AORUS GeForce RTX 3080 XTREME 10G (LHR) Graphics Card 10GB 320-Bit GDDR6X PCI Express 4.0 3×HDMI Interface 3×DisplayPort Interface,2599,https://www.newegg.ca/gigabyte-geforce-rtx-3080-gv-n3080aorus-x-10gd/p/1FT-000A-003G8?Description=3080&cm_re=3080-_-9SIADDZGPR3222-_-Product
GIGABYTE AORUS GeForce RTX 3080 MASTER 10G (LHR) Graphics Card 10GB 320-Bit GDDR6X PCI Express 4.0 3×HDMI Interface 3×DisplayPort Interface,2599,https://www.newegg.ca/gigabyte-geforce-rtx-3080-gv-n3080aorus-m-10gd/p/1FT-000A-003H0?Description=3080&cm_re=3080-_-9SIADDZGPR3597-_-Product
GIGABYTE Eagle GeForce RTX 3080 Ti 12GB GDDR6X PCI Express 4.0 ATX Video Card GV-N308TEAGLE OC-12GD,2623,https://www.newegg.ca/gigabyte-geforce-rtx-3080-ti-gv-n308teagle-oc-12gd/p/N82E16814932438?Description=3080&cm_re=3080-_-14-932-438-_-Product
GIGABYTE AORUS GeForce RTX 3080 Ti 12GB GDDR6X PCI Express 4.0 ATX Video Card GV-N308TAORUS M-12GD,2649,https://www.newegg.ca/gigabyte-geforce-rtx-3080-ti-gv-n308taorus-m-12gd/p/N82E16814932435?Description=3080&cm_re=3080-_-14-932-435-_-Product
INNO3D Geforce RTX 3080 TI GAMING X3(LHR)Graphics Card 12GB 384-bit GDDR6X PCI Express 4.0 1×HDMI 2.1 Interface 3×DisplayPort 1.4a Interface,2662,https://www.newegg.ca/inno3d-geforce-rtx-3080-ti-rtx-3080-ti-gaming-x3/p/1FT-000N-001F9?Description=3080&cm_re=3080-_-1FT-000N-001F9-_-Product
MSI Gaming GeForce RTX 3080 Ti 12GB GDDR6X PCI Express 4.0 Video Card RTX 3080 Ti Gaming X Trio 12G and AMD Ryzen 7 5800X - Ryzen 7 5000 Series Vermeer (Zen 3) 8-Core 3.8 GHz Socket AM4 105W Desktop Processor - 100-100000063WOF and MSI MPG,2670,https://www.newegg.ca/Product/ComboDealDetails?ItemList=Combo.4358158
GIGABYTE AORUS GeForce RTX 3080 12GB GDDR6X PCI Express 4.0 ATX Video Card GV-N3080AORUSX W-12GD,2672,https://www.newegg.ca/gigabyte-geforce-rtx-3080-gv-n3080aorusx-w-12gd/p/N82E16814932503?Description=3080&cm_re=3080-_-9SIAPBWH1N6082-_-Product
MSI Ventus GeForce RTX 3080 Ti 12GB GDDR6X PCI Express 4.0 ATX Video Card RTX 3080 Ti VENTUS 3X 12G,2683,https://www.newegg.ca/msi-geforce-rtx-3080-ti-rtx-3080-ti-ventus-3x-12g/p/N82E16814137656?Description=3080&cm_re=3080-_-14-137-656-_-Product
GIGABYTE GeForce RTX 3080 Ti Gaming OC 12G Graphics Card 3X WINDFORCE Fans 12GB 384-Bit GDDR6X,2687,https://www.newegg.ca/p/1FT-000A-003J7?Description=3080&cm_re=3080-_-9SIB42GHCD1956-_-Product
GIGABYTE Gaming GeForce RTX 3080 Ti 12GB GDDR6X PCI Express 4.0 ATX Video Card GV-N308TGAMING OC-12GD -OPENBOX,2697,https://www.newegg.ca/p/1FT-000A-003H4?Description=3080&cm_re=3080-_-9SIAPBWGZK5955-_-Product
ASUS ROG Strix GeForce RTX 3080 Ti OC Edition Gaming Graphics Card (PCIe 4.0 12GB GDDR6X HDMI 2.1 DisplayPort 1.4a Axial-tech Fan Design 2.9-slot) ROG-STRIX-RTX3080TI-O12G-GAMING,2699,https://www.newegg.ca/p/1FT-000Y-00615?Description=3080&cm_re=3080-_-1FT-000Y-00615-_-Product
GIGABYTE Eagle GeForce RTX 3080 Ti 12GB GDDR6X PCI Express 4.0 x16 ATX Video Card GV-N308TEAGLE-12GD,2706,https://www.newegg.ca/p/1FT-000A-002F9?Description=3080&cm_re=3080-_-9SIAPBWGZW8054-_-Product
GIGABYTE AORUS GeForce RTX 3080 12GB GDDR6X PCI Express 4.0 ATX Video Card GV-N3080AORUSX WB-12GD,2722,https://www.newegg.ca/gigabyte-geforce-rtx-3080-gv-n3080aorusx-wb-12gd/p/N82E16814932504?Description=3080&cm_re=3080-_-9SIAPBWH9T3009-_-Product
GIGABYTE AORUS GeForce RTX 3080 Ti 12GB GDDR6X PCI Express 4.0 x16 ATX Video Card GV-N308TAORUS M-12GD,2734,https://www.newegg.ca/p/1FT-000A-00254?Description=3080&cm_re=3080-_-9SIAPBWFD56610-_-Product
MSI Ventus GeForce RTX 3080 Ti 12GB GDDR6X PCI Express 4.0 ATX Video Card RTX 3080 Ti Ventus 3X 12G OC and Intel Core i7-11700K - Core i7 11th Gen Rocket Lake 8-Core 3.6 GHz LGA 1200 125W Intel UHD Graphics 750 Desktop Processor - BX8070811,2774,https://www.newegg.ca/Product/ComboDealDetails?ItemList=Combo.4452857
ASUS TUF Gaming GeForce RTX 3080 TUF-RTX3080-O10G-GAMING Video Card,2785,https://www.newegg.ca/asus-geforce-rtx-3080-tuf-rtx3080-o10g-gaming/p/N82E16814126452?Description=3080&cm_re=3080-_-9SIB9SAH477990-_-Product
AX GEFORCE RTX 3080 Ti X3W (LHR) Video Card12GB 384-bit GDDR6XPCI Express 4.01×HDMI Interface 3×DisplayPort Interface,2799,https://www.newegg.ca/p/1FT-0040-00139?Description=3080&cm_re=3080-_-9SIADDZGR11358-_-Product
MSI Gaming GeForce RTX 3080 12GB GDDR6X PCI Express 4.0 ATX Video Card RTX 3080 GAMING Z TRIO 12G LHR and AMD Ryzen 9 5900X - Ryzen 9 5000 Series Vermeer (Zen 3) 12-Core 3.7 GHz Socket AM4 105W Desktop Processor - 100-100000061WOF and MSI M,2803,https://www.newegg.ca/Product/ComboDealDetails?ItemList=Combo.4456515
ZOTAC AMP Holo GeForce RTX 3080 Ti 12GB GDDR6X PCI Express 4.0 Video Card ZT-A30810F-10P and Intel Core i7-11700K - Core i7 11th Gen Rocket Lake 8-Core 3.6 GHz LGA 1200 125W Intel UHD Graphics 750 Desktop Processor - BX8070811700K and ASRoc,2818,https://www.newegg.ca/Product/ComboDealDetails?ItemList=Combo.4405019
MSI Suprim GeForce RTX 3080 10GB GDDR6X PCI Express 4.0 Video Card RTX 3080 SUPRIM 10G,2828,https://www.newegg.ca/msi-geforce-rtx-3080-rtx-3080-suprim-10g/p/N82E16814137634?Description=3080&cm_re=3080-_-9SIB9SAH477986-_-Product
MSI Ventus GeForce RTX 3080 Ti 12GB GDDR6X PCI Express 4.0 x16 ATX Video Card RTX 3080 Ti Ventus 3X 12G OC,2849,https://www.newegg.ca/p/1FT-0009-006C5?Description=3080&cm_re=3080-_-1FT-0009-006C5-_-Product
GIGABYTE Gaming GeForce RTX 3080 Ti 12GB GDDR6X PCI Express 4.0 ATX Video Card GV-N308TGAMING OC-12GD and GIGABYTE X570 AORUS ELITE WIFI AM4 AMD X570 SATA 6Gb/s ATX AMD Motherboard and AMD Ryzen 7 5800X - Ryzen 7 5000 Series Vermeer (Zen 3),2861,https://www.newegg.ca/Product/ComboDealDetails?ItemList=Combo.4445538
GIGABYTE AORUS GeForce RTX 3080 Ti 12GB GDDR6X PCI Express 4.0 ATX Video Card GV-N308TAORUSX WB-12GD,2895,https://www.newegg.ca/gigabyte-geforce-rtx-3080-ti-gv-n308taorusx-wb-12gd/p/N82E16814932463?Description=3080&cm_re=3080-_-14-932-463-_-Product
ASUS Gaming Desktop ROG Strix G35DX-DHR780 Ryzen 7 5000 Series 5800X (3.80GHz) 16GB DDR4 1 TB PCIe SSD NVIDIA GeForce RTX 3080 Windows 10 Home 64-bit,2899,https://www.newegg.ca/asus-g35dx-dhr780-rog-strix/p/N82E16883221694R?Description=3080&cm_re=3080-_-83-221-694R-_-Product
GDDR6X Asus ROG STRIX RTX3080 O10G GAMING Graphics GeForce RTX 3080 Video Card RTX 3080 Graphics,2899,https://www.newegg.ca/p/1FT-000Y-006U5?Description=3080&cm_re=3080-_-9SIB517HD44728-_-Product
MSI Gaming GeForce RTX 3080 Ti 12GB GDDR6X PCI Express 4.0 x16 Video Card RTX 3080 Ti Gaming X Trio 12G,2899,https://www.newegg.ca/p/1FT-0009-006C7?Description=3080&cm_re=3080-_-1FT-0009-006C7-_-Product
LEADTEK GeForce RTX 3080 Ti LIFE ES (LHR) Video Card12GB 384-bit GDDR6XPCI Express 4.01×HDMI2.1 Interface 3×DisplayPort1.4a Interface,2899,https://www.newegg.ca/p/1FT-0040-00135?Description=3080&cm_re=3080-_-9SIADDZGR11528-_-Product
GEFORCE RTX 3080 Ice Dragon Super Edition 10G GDDR6X Graphics Card (LHR Version),2899,https://www.newegg.ca/p/1FT-0040-000K2?Description=3080&cm_re=3080-_-9SIADDZFD51070-_-Product
GAINWARD GeForce RTX 3080 Ti chasing the wind Ti 12GB GDDR6X PCI Express 4.0 Video Card RTX 3080 Ti Gaming X Trio 12G,2899,https://www.newegg.ca/gainward-ga102-225/p/27N-0075-00014?Description=3080&cm_re=3080-_-27N-0075-00014-_-Product
RTX 3080 Ti Gaming X Trio 12GB,2899,https://www.newegg.ca/p/1FT-0009-008F4?Description=3080&cm_re=3080-_-9SIB518HCJ2710-_-Product
GEFORCE RTX 3080 XingjiHongjue Graphics Card 10GB 320-bit GDDR6X PCI Express 4.0 x16,2919,https://www.newegg.ca/p/1FT-0040-000R0?Description=3080&cm_re=3080-_-9SIADDZFD50915-_-Product
ASUS TUF Gaming GeForce RTX 3080 Ti OC Edition Graphics Card (PCIe 4.0 12GB GDDR6X HDMI 2.1 DisplayPort 1.4a Dual Ball Fan Bearings) TUF-RTX3080TI-O12G-GAMING,2930,https://www.newegg.ca/p/1FT-000Y-00614?Description=3080&cm_re=3080-_-1FT-000Y-00614-_-Product
ASUS TUF Gaming GeForce RTX 3080 Ti 12GB GDDR6X PCI Express 4.0 Video Card TUF-RTX3080TI-O12G-GAMING and Intel Core i9-11900K - Core i9 11th Gen Rocket Lake 8-Core 3.5 GHz LGA 1200 125W Intel UHD Graphics 750 Desktop Processor - BX807081190,2964,https://www.newegg.ca/Product/ComboDealDetails?ItemList=Combo.4420236
ASUS TUF Gaming NVIDIA GeForce RTX 3080 Ti OC Edition Graphics Card (PCIe 4.0 12GB GDDR6X HDMI,2970,https://www.newegg.ca/p/1FT-000Y-006N3?Description=3080&cm_re=3080-_-9SIB517HBX0451-_-Product
ASUS ROG STRIX GeForce RTX 3080 Ti 12GB GDDR6X PCI Express 4.0 x16 Video Card ROG-STRIX-LC-RTX3080TI-O12G-GAMING and ASUS ROG Thor 1200 80+ Platinum 1200W Fully Modular RGB Power Supply with LIVEDASH OLED Panel and 10 Year Warranty,2974,https://www.newegg.ca/Product/ComboDealDetails?ItemList=Combo.4405083
GIGABYTE AORUS GeForce RTX 3080 Ti 12GB GDDR6X PCI Express 4.0 ATX Video Card GV-N308TAORUSX W-12GD,2982,https://www.newegg.ca/gigabyte-geforce-rtx-3080-ti-gv-n308taorusx-w-12gd/p/N82E16814932462?Description=3080&cm_re=3080-_-14-932-462-_-Product
GIGABYTE Eagle GeForce RTX 3080 Ti 12GB GDDR6X PCI Express 4.0 ATX Video Card GV-N308TEAGLE-12GD,2987,https://www.newegg.ca/gigabyte-geforce-rtx-3080-ti-gv-n308teagle-12gd/p/N82E16814932439?Description=3080&cm_re=3080-_-14-932-439-_-Product
MSI Ventus GeForce RTX 3080 Ti 12GB GDDR6X PCI Express 4.0 ATX Video Card RTX 3080 Ti Ventus 3X 12G OC and AMD Ryzen 9 5950X - Ryzen 9 5000 Series Vermeer (Zen 3) 16-Core 3.4 GHz Socket AM4 105W Desktop Processor - 100-100000059WOF and MSI,2992,https://www.newegg.ca/Product/ComboDealDetails?ItemList=Combo.4441697
GIGABYTE AORUS GeForce RTX 3080 Ti 12GB GDDR6X PCI Express 4.0 ATX Video Card GV-N308TAORUS X-12GD,2998,https://www.newegg.ca/gigabyte-geforce-rtx-3080-ti-xtreme-12g/p/N82E16814932440?Description=3080&cm_re=3080-_-14-932-440-_-Product
MSI Gaming GeForce RTX 3080 Ti 12GB GDDR6X PCI Express 4.0 x16 Video Card RTX 3080 Ti Gaming Trio 12G,2998,https://www.newegg.ca/p/1FT-0009-006G8?Description=3080&cm_re=3080-_-1FT-0009-006G8-_-Product
ABS Gladiator Gaming PC - Windows 10 Home - Intel i7 11700KF - GeForce RTX 3080 - G.Skill TridentZ RGB 16GB DDR4 3200MHz - 1TB Intel M.2 NVMe SSD,2999,https://www.newegg.ca/abs-ali602/p/N82E16883360267?Description=3080&cm_re=3080-_-83-360-267-_-Product
ZOTAC GAMING GeForce RTX 3080 AMP Holo LHR ZT-A30800F-10PLHR,3019,https://www.newegg.ca/p/1FT-00EK-00003?Description=3080&cm_re=3080-_-9SIB9SAH475810-_-Product
ASUS TUF Gaming GeForce RTX 3080 Ti 12GB GDDR6X PCI Express 4.0 Video Card TUF-RTX3080TI-12G-GAMING and ASUS ROG Crosshair VIII Dark Hero AM4 AMD X570S SATA 6Gb/s ATX AMD Motherboard,3053,https://www.newegg.ca/Product/ComboDealDetails?ItemList=Combo.4431199
GDDR6X Gigabyte GeForce RTX 3080 Ti GAMING OC 12G RTX 3080 Ti Gaming Graphics Card 19000MHz,3064,https://www.newegg.ca/p/1FT-000A-003N4?Description=3080&cm_re=3080-_-9SIB42GHD94860-_-Product
GEFORCE RTX 3080 ICHILL X4 LHR 8G GDDR6X PCI Express 4.0 x16 Graphics Card,3069,https://www.newegg.ca/p/1FT-0040-000M8?Description=3080&cm_re=3080-_-9SIADDZFD51037-_-Product
ASUS ROG Balteus Gaming Mouse Pad (NH02) 15-Zone Aura Sync Portrait Hard and ABS Gladiator Gaming PC - Windows 10 Home - Intel i7 11700KF - GeForce RTX 3080 - G.Skill TridentZ RGB 16GB DDR4 3200MHz - 1TB Intel M.2 NVMe SSD,3069,https://www.newegg.ca/Product/ComboDealDetails?ItemList=Combo.4484486
CORN iGame GeForce RTX 3080 Advanced OC 10G LHR-V Graphics Card,3099,https://www.newegg.ca/corn-rtx-3080-oc-10g-lhr-v/p/1FT-0040-000K6?Description=3080&cm_re=3080-_-9SIADDZFD51072-_-Product
GAINWARD GeForce RTX 3080 Ti glare OC Edition Gaming Graphics Card (PCIe 4.0 12GB GDDR6X HDMI 2.1 384bit1695MHz),3099,https://www.newegg.ca/gainward-ga102-225/p/27N-0075-00016?Description=3080&cm_re=3080-_-27N-0075-00016-_-Product
ASUS ROG Strix NVIDIA GeForce RTX 3080 Ti OC Edition Gaming Graphics Card (PCIe 4.0 12GB GDDR6X,3111,https://www.newegg.ca/p/1FT-000Y-006N1?Description=3080&cm_re=3080-_-9SIB517HBX0465-_-Product
GDDR6X Gigabyte GeForce RTX 3080 Ti VISION OC 12G LHR Gaming Graphics Card RTX 3080Ti Video Card,3118,https://www.newegg.ca/p/1FT-000A-003V9?Description=3080&cm_re=3080-_-9SIB42GHD96747-_-Product
GDDR6X Gigabyte AORUS GeForce RTX 3080 MASTER 10G LHR Graphics Card 320bit RTX 3080 Gaming Video,3128,https://www.newegg.ca/p/1FT-000A-003X2?Description=3080&cm_re=3080-_-9SIB42GHD96723-_-Product
GIGABYTE AORUS GeForce RTX 3080 Ti Master 12G Graphics Card Max Covered Cooling 12GB 384-bit,3188,https://www.newegg.ca/p/1FT-000A-003J5?Description=3080&cm_re=3080-_-9SIB42GHCD1962-_-Product
GIGABYTE Gaming GeForce RTX 3080 GAMING OC WATERFORCE WB 10GB GDDR6X PCI Express 4.0 x16 ATX Video Card GV-N3080GAMINGOC WB-10GD,3189,https://www.newegg.ca/gigabyte-geforce-rtx-3080-gv-n3080gamingoc-wb-10gd/p/N82E16814932424?Description=3080&cm_re=3080-_-9SIAHEBG0C5575-_-Product
GIGABYTE AORUS GeForce RTX 3080 XTREME WATERFORCE 10GB Video Card GV-N3080AORUSX W-10GDNOT LHR,3191,https://www.newegg.ca/p/1FT-000A-002D2?Description=3080&cm_re=3080-_-1FT-000A-002D2-_-Product
GIGABYTE AORUS Nvidia GeForce RTX 3080 Ti 12G NVIDIA Graphics,3199,https://www.newegg.ca/p/1FT-000A-003T0?Description=3080&cm_re=3080-_-9SIB42GHD95297-_-Product
MSI Suprim GeForce RTX 3080 Ti 12GB GDDR6X PCI Express 4.0 ATX Video Card RTX 3080 Ti SUPRIM X 12G and MSI MAG X570 TOMAHAWK WIFI AM4 AMD X570 SATA 6Gb/s ATX AMD Motherboard and AMD Ryzen 9 5900X - Ryzen 9 5000 Series Vermeer (Zen 3) 12-Cor,3204,https://www.newegg.ca/Product/ComboDealDetails?ItemList=Combo.4471461
GIGABYTE AORUS GeForce RTX 3080 XTREME 10GB Video Card GV-N3080AORUS X-10GDNOT LHR,3299,https://www.newegg.ca/p/1FT-000A-002D9?Description=3080&cm_re=3080-_-9SIADDZFG03141-_-Product
ASUS ROG Strix NVIDIA GeForce RTX 3080 Ti OC Edition Gaming Graphics Card (PCIe 4.0 12GB GDDR6X HDMI 2.1 Axial-tech Fan Design 2.9-Slot Super Alloy Power II ASUS Auto-Extreme Technology) and Intel Core i9-11900K - Core i9 11th Gen Rocket La,3414,https://www.newegg.ca/Product/ComboDealDetails?ItemList=Combo.4420234
ZOTAC GAMING GeForce RTX 3080 AMP Holo 10GB GDDR6X 320-bit 19 Gbps PCIE 4.0 Gaming Graphics Card HoloBlack IceStorm 2.0 Advanced Cooling SPECTRA 2.0 RGB Lighting ZT-A30800F-10P,3479,https://www.newegg.ca/zotac-geforce-rtx-3080-zt-a3080f-10p/p/N82E16814500513?Description=3080&cm_re=3080-_-14-500-513-_-Product
MSI Ventus GeForce RTX 3080 10GB GDDR6X PCI Express 4.0 Video Card RTX 3080 VENTUS 3X 10G OC,3489,https://www.newegg.ca/p/1FT-0009-006D8?Description=3080&cm_re=3080-_-1FT-0009-006D8-_-Product
ASUS Gaming Desktop G35CG-DBI780 Intel Core i7 11th Gen 11700KF (3.60GHz) 16GB DDR4 2 TB HDD 512 GB PCIe SSD NVIDIA GeForce RTX 3080 Windows 10 Home 64-bit,3499,https://www.newegg.ca/asus-g35cg-dbi780/p/N82E16883221705?Description=3080&cm_re=3080-_-83-221-705-_-Product
IPASON - Gaming PC - AMD Ryzen 7 5800X 3.80GHz - NVIDIA GeForce RTX 3080 - 32GB(16*2) DDR4 3200MHz - 1TB NVMe - 800W Gold PSU - 240MM AIO - 11AC WiFi - Windows 10 pro 64-bit - Gaming desktop,3509,https://www.newegg.ca/p/3D5-001U-00103?Description=3080&cm_re=3080-_-3D5-001U-00103-_-Product
CLX SET VR-Ready Gaming Desktop - Liquid Cooled AMD Ryzen 7 5800X 3.8Ghz 8-Core Processor 16GB DDR4 Memory GeForce RTX 3080 10GB GDDR6X Graphics 240GB SSD 2TB HDD WiFi Windows 11 Home 64-bit,3576,https://www.newegg.ca/clx-tgmsetrtm0b03bm/p/3D5-000B-001T6?Description=3080&cm_re=3080-_-9SIACY7F5G3918-_-Product
MSI Gaming Desktop MEG Trident X 11TE-1871US Intel Core i7 11th Gen 11700K (3.60GHz) 16GB DDR4 1 TB PCIe SSD NVIDIA GeForce RTX 3080 Windows 10 Home 64-bit,3599,https://www.newegg.ca/msi-meg-trident-x-11te-1871us/p/N82E16883152820?Description=3080&cm_re=3080-_-83-152-820-_-Product
GAINWARD GeForce RTX 3080 Ti Star pole Blue Jazz OCEdition Gaming Graphics Card (PCIe 4.0 12GB GDDR6X HDMI 2.1 384bit1695MHz),3599,https://www.newegg.ca/gainward-bule-jazz/p/27N-0075-00015?Description=3080&cm_re=3080-_-27N-0075-00015-_-Product
ASUS ROG Strix GeForce RTX 3080 10GB GDDR6X PCI Express 4.0 x16 Video Card ROG-STRIX-RTX3080-O10G-GAMINGNot LHR. Do not lock hashrate,3600,https://www.newegg.ca/p/1FT-000Y-00625?Description=3080&cm_re=3080-_-9SIB2K2GPN8674-_-Product
GIGABYTE AORUS GeForce RTX 3080 XTREME WATERFORCE 10GB Video Card GV-N3080AORUSX W-10GD,3629,https://www.newegg.ca/gigabyte-geforce-rtx-3080-gv-n3080aorusx-w-10gd/p/N82E16814932372?Description=3080&cm_re=3080-_-9SIAHEBFRN0902-_-Product
CLX SET Gaming Desktop - Intel Core i7 10700 Processor 16GB DDR4 Memory NVIDIA GeForce RTX 3080 Graphics 240 GB SSD 2 TB HDD WiFi Windows 11 Home 64-bit,3665,https://www.newegg.ca/clx-tgmsetrth0920bm/p/3D5-000B-00176?Description=3080&cm_re=3080-_-9SIACY7FH99031-_-Product
CLX SET VR-Ready Gaming Desktop - Liquid Cooled Intel Core i9 9900KF 3.6Ghz 8-Core Processor 16GB DDR4 Memory GeForce RTX 3080 10GB GDDR6X Graphics 480GB SSD 2TB HDD WiFi Windows 11 Home 64-bit,3665,https://www.newegg.ca/clx-tgmsetrth0a25bm/p/3D5-000B-001M5?Description=3080&cm_re=3080-_-9SIACY7F6J8623-_-Product
Skytech PRISM II Gaming PC Desktop - AMD Ryzen 7 5800X RTX 3080 10GB GDDR6X 16GB DDR4 3200 1TB Gen4 SSD RGB Fans AC Wi-Fi Windows 10 Home 64-bit Black,3699,https://www.newegg.ca/skytech-st-prism2-0282-b-ne-prism-ii/p/N82E16883289215?Description=3080&cm_re=3080-_-83-289-215-_-Product
GEFORCE RTX 3080 Ti Chasing The Wind 12G Graphics Card (LHR version),3699,https://www.newegg.ca/p/1FT-0040-000K7?Description=3080&cm_re=3080-_-9SIADDZFD51035-_-Product
GEFORCE RTX 3080 ICHILL FROSTBITE 10G GDDR6X PCI Express 4.0 x16 Graphics Card Split Water Cooling RGB Lighting Effect Metal Backplane,3699,https://www.newegg.ca/p/1FT-0040-000N0?Description=3080&cm_re=3080-_-9SIADDZFD51014-_-Product
CLX SET Gaming Desktop - AMD Ryzen 7 3700X Processor 16GB DDR4 Memory NVIDIA GeForce RTX 3080 Graphics 240 GB SSD 2 TB HDD WiFi Windows 11 Home 64-bit,3717,https://www.newegg.ca/clx-tgmsetrth0900bm/p/3D5-000B-00140?Description=3080&cm_re=3080-_-9SIACY7FH99019-_-Product
CLX SET Gaming Desktop - Intel Core i7 10700KF Processor 16GB DDR4 Memory NVIDIA GeForce RTX 3080 Graphics 240 GB SSD 2 TB HDD WiFi Windows 11 Home 64-bit,3731,https://www.newegg.ca/clx-tgmsetrth0921bm/p/3D5-000B-00180?Description=3080&cm_re=3080-_-9SIACY7F5G3920-_-Product
CORN GeForce RTX 3080 Ti NB-V 12GB Graphics Card,3749,https://www.newegg.ca/corn-rtx-3080-ti-nb-v/p/1FT-0040-000S1?Description=3080&cm_re=3080-_-9SIADDZFD50913-_-Product
CORN GeForce RTX 3080Ti-12G6X X-GAMING OC Graphics Card LHR,3789,https://www.newegg.ca/corn-rtx-3080-ti-oc/p/1FT-0040-000M3?Description=3080&cm_re=3080-_-9SIADDZFD51018-_-Product
CLX SET VR-Ready Gaming Desktop - Liquid Cooled AMD Ryzen 9 5900X 3.7Ghz 12-Core Processor 16GB DDR4 Memory GeForce RTX 3080 10GB GDDR6X Graphics 240GB SSD 2TB HDD WiFi Windows 11 Home 64-bit,3794,https://www.newegg.ca/clx-tgmsetrth0b04bm/p/3D5-000B-001N2?Description=3080&cm_re=3080-_-9SIACY7F5G3921-_-Product
2021 Newst ASUS TUF Gaming NVIDIA GeForce RTX 3080 OC Edition Graphics Card- PCIe 4.0 10GB GDDR6X,3801,https://www.newegg.ca/p/1FT-000Y-006S1?Description=3080&cm_re=3080-_-9SIB517HCK3974-_-Product
CORN iGame GeForce RTX 3080 Neptune OC 10G-V Graphics Card,3819,https://www.newegg.ca/corn-rtx-3080-oc-10g-lhr-v/p/1FT-0040-000R7?Description=3080&cm_re=3080-_-9SIADDZFD50936-_-Product
ASUS TUF Gaming NVIDIA GeForce RTX 3080 Ti Graphics Card (PCIe 4.0 12GB GDDR6X HDMI 2.1 DisplayPort 1.4a Dual Ball Fan Bearings Military-grade Certification) TUF-RTX3080TI-12G-GAMING,3834,https://www.newegg.ca/p/1FT-000Y-005V9?Description=3080&cm_re=3080-_-1FT-000Y-005V9-_-Product
CLX SET Gaming Desktop - AMD Ryzen 9 3900X Processor 16GB DDR4 Memory NVIDIA GeForce RTX 3080 Graphics 240 GB SSD 2 TB HDD WiFi Windows 11 Home 64-bit,3835,https://www.newegg.ca/clx-tgmsetrth0902bm/p/3D5-000B-00150?Description=3080&cm_re=3080-_-9SIACY7F5G3898-_-Product
CLX SET Gaming Desktop - Intel Core i7 10700 Processor 32GB DDR4 Memory NVIDIA GeForce RTX 3080 Graphics 480 GB SSD 3 TB HDD WiFi Windows 11 Home 64-bit,3847,https://www.newegg.ca/clx-tgmsetrth0923bm/p/3D5-000B-00144?Description=3080&cm_re=3080-_-9SIACY7FH99039-_-Product
CORN GeForce RTX 3080 Ti 12GB 1695MHz OC[FG] Graphics Card - GA102-225(LHR),3859,https://www.newegg.ca/corn-rtx-3080-oc-fg/p/1FT-0040-000V8?Description=3080&cm_re=3080-_-9SIADDZFED8025-_-Product
MSI Gaming GeForce RTX 3080 Ti 12GB GDDR6X PCI Express 4.0 Video Card RTX 3080 Ti Gaming X Trio 12G,3874,https://www.newegg.ca/msi-gaming-geforce-rtx-3080-ti-12gb-gddr6x-pci-express-4-0-video-card-rtx-3080-ti-gaming-x-trio-12g/p/1FT-0009-00708?Description=3080&cm_re=3080-_-9SIB9SAH475688-_-Product
CLX SET VR-Ready Gaming Desktop - Liquid Cooled Intel Core i9 10900KF 3.7GHz 10-Core Processor 16GB DDR4 Memory GeForce RTX 3080 10GB GDDR6X Graphics 480GB SSD 2TB HDD WiFi Windows 11 Home,3885,https://www.newegg.ca/clx-tgmsetrth0a26bm/p/3D5-000B-001M3?Description=3080&cm_re=3080-_-9SIACY7F6J8625-_-Product
CLX SET Gaming Desktop - Intel Core i9 10850K Processor 16GB DDR4 Memory NVIDIA GeForce RTX 3080 Graphics 480 GB SSD 2 TB HDD WiFi Windows 11 Home 64-bit,3898,https://www.newegg.ca/clx-tgmsetrth0927bm/p/3D5-000B-00196?Description=3080&cm_re=3080-_-9SIACY7F5G3931-_-Product
EVGA GeForce RTX 3080 Ti FTW3 ULTRA GAMING Video Card 12G-P5-3967-KR 12GB GDDR6X iCX3 Technology ARGB LED Metal Backplate,3899,https://www.newegg.ca/evga-geforce-rtx-3080-ti-ftw3-ultra/p/1FT-0009-00712?Description=3080&cm_re=3080-_-1FT-0009-00712-_-Product
CLX SET Gaming Desktop - Intel Core i7 10700KF Processor 32GB DDR4 Memory GeForce RTX 3080 Graphics 480 GB SSD 3 TB HDD WiFi Windows 11 Home 64-bit,3912,https://www.newegg.ca/clx-tgmsetrth0924bm/p/3D5-000B-00148?Description=3080&cm_re=3080-_-9SIACY7F5G3924-_-Product
CLX SET VR-Ready Gaming Desktop - Liquid Cooled AMD Ryzen 7 5800X 3.8Ghz 8-Core Processor 32GB DDR4 Memory GeForce RTX 3080 10GB GDDR6X Graphics 480GB SSD 3TB HDD WiFi Windows 11 Home 64-bit,3937,https://www.newegg.ca/clx-tgmsetrtm0b09bm/p/3D5-000B-001P9?Description=3080&cm_re=3080-_-9SIACY7F5G3933-_-Product
CLX SET VR-Ready Gaming Desktop - Liquid Cooled Intel Core i9 9900KF 3.6Ghz 8-Core Processor 32GB DDR4 Memory GeForce RTX 3080 10GB GDDR6X Graphics 960GB SSD 4TB HDD WiFi Windows 11 Home 64-bit,3938,https://www.newegg.ca/clx-tgmsetrth0a18br/p/3D5-000B-001J8?Description=3080&cm_re=3080-_-9SIACY7F6J8622-_-Product
CLX SET Gaming Desktop - Intel Core i7 10700KF Processor 32GB DDR4 Memory NVIDIA GeForce RTX 3080 Graphics 960 GB SSD 4 TB HDD WiFi Windows 11 Home,4041,https://www.newegg.ca/clx-tgmsetrth0925br/p/3D5-000B-00152?Description=3080&cm_re=3080-_-9SIACY7F5G3927-_-Product
GEFORCE RTX 3080 TI ICHILL X4 12G GDDR6X PCI Express 4.0 x16 Graphics Card,4049,https://www.newegg.ca/p/1FT-0040-000M9?Description=3080&cm_re=3080-_-9SIADDZFD51025-_-Product
GEFORCE RTX3080 Ti Glare OC 12G GDDR6X Graphics Card,4049,https://www.newegg.ca/p/1FT-0040-000M5?Description=3080&cm_re=3080-_-9SIADDZFD51059-_-Product
ASUS ROG STRIX NVIDIA GeForce RTX 3080 GUNDAM EDITION Graphics Card (Limited Edition PCIe 4.0 10GB GDDR6X HDMI 2.1 DisplayPort 1.4a Axial-tech Fan Design 2.9-slot Super Alloy Power II),4099,https://www.newegg.ca/asus-rog-strix-nvidia-geforce-rtx-3080-gundam-edition/p/N82E16814126506?Description=3080&cm_re=3080-_-14-126-506-_-Product
CORN RTX 3080Ti-12G6X Apocalypse OC Graphics Card Lite Hash Rate,4129,https://www.newegg.ca/corn-rtx-3080-ti-oc/p/1FT-0040-000M6?Description=3080&cm_re=3080-_-9SIADDZFD51052-_-Product
MSI Gaming Desktop Aegis RS 11TF-223US Intel Core i7 11th Gen 11700K (3.60 GHz) 32 GB DDR4 2 TB HDD 2 TB PCIe Gen3 SSD NVIDIA GeForce RTX 3080 Ti Windows 10 Home 64-bit,4149,https://www.newegg.ca/msi-aegis-rs-11tf-223us/p/N82E16883152859?Description=3080&cm_re=3080-_-83-152-859-_-Product
CLX SET VR-Ready Gaming Desktop - Liquid Cooled AMD Ryzen 9 5900X 3.7GHz 12-Core Processor 32GB DDR4 Memory GeForce RTX 3080 10GB GDDR6X Graphics 480GB SSD 3TB HDD WiFi Windows 11 Home 64-bit,4155,https://www.newegg.ca/clx-tgmsetrth0b10bm/p/3D5-000B-001R3?Description=3080&cm_re=3080-_-9SIACY7F5G3936-_-Product
IPASON - Gaming PC - AMD Ryzen 7 5800X 3.80GHz - NVIDIA GeForce RTX 3080 Ti - 32GB(16*2) DDR4 3200MHz - 1TB NVMe - 800W Gold PSU - 240MM AIO - 11AC WiFi - Windows 10 pro 64-bit - Gaming desktop,4159,https://www.newegg.ca/p/3D5-001U-00101?Description=3080&cm_re=3080-_-9SIAU20H439691-_-Product
CLX SET Gaming Desktop - Intel Core i9 10850K Processor 32GB DDR4 Memory NVIDIA GeForce RTX 3080 Graphics 960 GB SSD 4 TB HDD WiFi Windows 11 Home 64-bit,4181,https://www.newegg.ca/clx-tgmsetrth0926br/p/3D5-000B-00194?Description=3080&cm_re=3080-_-9SIACY7F5G3929-_-Product
MSI Gaming GeForce RTX 3080 10GB GDDR6X PCI Express 4.0 x16 ATX Video Card RTX 3080 Gaming Z Trio,4181,https://www.newegg.ca/p/1FT-0009-008F1?Description=3080&cm_re=3080-_-9SIB518HCJ2614-_-Product
CLX SET VR-Ready Gaming Desktop - Liquid Cooled AMD Ryzen 9 5900X 3.7Ghz 12-Core Processor 32GB DDR4 Memory GeForce RTX 3080 10GB GDDR6X Graphics 960GB SSD 4TB HDD WiFi Windows 11 Home 64-bit,4209,https://www.newegg.ca/clx-tgmsetrth0b17br/p/3D5-000B-001T8?Description=3080&cm_re=3080-_-9SIACY7F5G3932-_-Product
CLX SET Gaming Desktop - AMD Ryzen 9 3900X Processor 32GB DDR4 Memory NVIDIA GeForce RTX 3080 Graphics 960 GB SSD 4 TB HDD WiFi Windows 11 Home 64-bit,4221,https://www.newegg.ca/clx-tgmsetrth0908br/p/3D5-000B-00173?Description=3080&cm_re=3080-_-9SIACY7F5G3919-_-Product
CORN iGame GeForce RTX 3080 Ti Advanced OC-V 12GB Graphics Card,4239,https://www.newegg.ca/corn-rtx-3080-ti-advanced-oc/p/1FT-0040-000K5?Description=3080&cm_re=3080-_-9SIADDZFD51077-_-Product
CORN iGame GeForce RTX 3080 Vulcan OC 10G-V Graphics Card,4239,https://www.newegg.ca/corn-rtx-3080-vulcan-oc-10g-v/p/1FT-0040-000R9?Description=3080&cm_re=3080-_-9SIADDZFD50931-_-Product
CLX SET VR-Ready Gaming Desktop - Liquid Cooled AMD Ryzen 9 5950X 3.4Ghz 16-Core Processor 16GB DDR4 Memory GeForce RTX 3080 10GB GDDR6X Graphics 240GB SSD 2TB HDD WiFi Windows 11 Home 64-bit,4247,https://www.newegg.ca/clx-tgmsetrth0b05bm/p/3D5-000B-001N3?Description=3080&cm_re=3080-_-9SIACY7F5G3925-_-Product
IPASON - Gaming Desktop - intel 12th i9 12900KF (16 Core up to 5.1GHz) -GeForce RTX 3080 - 1TB SSD NVMe - 32GB(16GB*2) 3200MHz - Z690 Motherboard - WIFI - Windows 10 home - Gaming PC,4289,https://www.newegg.ca/p/3D5-001U-00109?Description=3080&cm_re=3080-_-9SIAU20H439673-_-Product
CLX SET Gaming Desktop - Liquid Cooled AMD Ryzen 9 5900X 3.7GHz 12-Core Processor 16GB DDR4 Memory GeForce RTX 3080 Ti 12GB GDDR6X Graphics 500GB NVMe M.2 SSD 3TB HDD WiFi Win 11 Home 64-bit,4350,https://www.newegg.ca/clx-tgmsetrth1669bm/p/3D5-000B-002H3?Description=3080&cm_re=3080-_-9SIACY7FFU7591-_-Product
CLX SET Gaming Desktop - Intel Core i7 10700KF Processor 64GB DDR4 Memory NVIDIA GeForce RTX 3080 Graphics 1 TB SSD 6 TB HDD WiFi Windows 11 Home,4402,https://www.newegg.ca/clx-tgmsetrth0928bm/p/3D5-000B-00192?Description=3080&cm_re=3080-_-9SIACY7F5G3888-_-Product
SFT War Scythe Gaming Computer i5 11th Gen 16G RAM RTX 3080 1T SSD WiFi Ready,4449,https://www.newegg.ca/sft-war-scythe/p/3D5-001S-00012?Description=3080&cm_re=3080-_-9SIASUAEVB4658-_-Product
CLX SET Gaming Desktop - Liquid Cooled AMD Ryzen 7 5800X 3.8GHz 8-Core Processor 32GB DDR4 Memory GeForce RTX 3080 Ti 12GB GDDR6X Graphics 500GB SSD 4TB HDD WiFi Windows 11 Home 64-bit,4479,https://www.newegg.ca/clx-tgmsetrth1670bm/p/3D5-000B-002C1?Description=3080&cm_re=3080-_-9SIACY7FAT1250-_-Product
CLX SET Gaming Desktop - Liquid Cooled Intel Core i7 11700KF 3.6GHz 8-Core Processor 32GB DDR4 Memory GeForce RTX 3080 Ti 12GB GDDR6X Graphics 500GB SSD 4TB HDD WiFi Windows 11 Home 64-bit,4480,https://www.newegg.ca/clx-tgmsetrth1673bm/p/3D5-000B-002D0?Description=3080&cm_re=3080-_-9SIACY7FAT1254-_-Product
CLX SET Gaming Desktop - Intel Core i9 10850K Processor 64GB DDR4 Memory NVIDIA GeForce RTX 3080 Graphics 1 TB SSD 6 TB HDD WiFi Windows 11 Home 64-bit,4492,https://www.newegg.ca/clx-tgmsetrth0929bm/p/3D5-000B-00195?Description=3080&cm_re=3080-_-9SIACY7F5G3897-_-Product
CLX SET Gaming Desktop - Liquid Cooled Intel Core i9 11900KF 3.5GHz 8-Core Processor 16GB DDR4 Memory GeForce RTX 3080 Ti 12GB GDDR6X Graphics 500GB NVMe M.2 SSD 3TB HDD WiFi Win 11 Home 64-bit,4494,https://www.newegg.ca/clx-tgmsetrth1665bm/p/3D5-000B-002G5?Description=3080&cm_re=3080-_-9SIACY7FFU7602-_-Product
SFT Jitte Gaming Computer Intel i7-10700 16G RAM RTX 3080 1T NVME SSD Win 10 Home WiFi Ready,4499,https://www.newegg.ca/p/3D5-001S-00019?Description=3080&cm_re=3080-_-9SIASUAGJ69484-_-Product
CLX SET VR-Ready Gaming Desktop - Liquid Cooled AMD Ryzen 9 5950X 3.4Ghz 16-Core Processor 32GB DDR4 Memory GeForce RTX 3080 10GB GDDR6X Graphics 480GB SSD 3TB HDD WiFi Windows 11 Home 64-bit,4507,https://www.newegg.ca/clx-tgmsetrth0b11bm/p/3D5-000B-001R7?Description=3080&cm_re=3080-_-9SIACY7F5G3934-_-Product
CORN GeForce RTX 3080Ti-12G6X PGF OC Graphics Card,4539,https://www.newegg.ca/corn-rtx-3080-ti-oc/p/1FT-0040-000M4?Description=3080&cm_re=3080-_-9SIADDZFD51063-_-Product
CLX SET Gaming Desktop - AMD Ryzen 9 3900X Processor 64GB DDR4 Memory NVIDIA GeForce RTX 3080 Graphics 1 TB SSD 6 TB HDD WiFi Windows 11 Home 64-bit,4544,https://www.newegg.ca/clx-tgmsetrth0911bm/p/3D5-000B-00141?Description=3080&cm_re=3080-_-9SIACY7F5G3928-_-Product
CLX SET Gaming Desktop - Intel Core i9 10900X Processor 32GB DDR4 Memory NVIDIA GeForce RTX 3080 Graphics 480 GB SSD 3 TB HDD WiFi Windows 11 Home 64-bit,4555,https://www.newegg.ca/clx-tgmsetrth0913br/p/3D5-000B-00149?Description=3080&cm_re=3080-_-9SIACY7F5G3890-_-Product
CLX SET Gaming Desktop - Liquid Cooled Intel Core i9 10850K 3.6GHz 10-Core Processor 32GB DDR4 Memory GeForce RTX 3080 Ti 12GB GDDR6X Graphics 500GB SSD 4TB HDD WiFi Windows 11 Home 64-bit,4570,https://www.newegg.ca/clx-tgmsetrth1658bm/p/3D5-000B-002A5?Description=3080&cm_re=3080-_-9SIACY7FAT1234-_-Product
CLX SET VR-Ready Gaming Desktop - Liquid Cooled AMD Ryzen 9 5900X 3.7Ghz 12-Core Processor 64GB DDR4 Memory GeForce RTX 3080 10GB GDDR6X Graphics 1TB SSD 6TB HDD WiFi Windows 11 Home 64-bit,4571,https://www.newegg.ca/clx-tgmsetrth0b25bm/p/3D5-000B-001U4?Description=3080&cm_re=3080-_-9SIACY7F5G3937-_-Product
CyberpowerPC Gaming Desktop Gamer Supreme SLC10780CPGV2 Intel Core i9 12th Gen 12900KF (3.20GHz) 32GB DDR4 2TB HDD 1 TB PCIe SSD NVIDIA GeForce RTX 3080 Ti Windows 11 Home 64-bit,4641,https://www.newegg.ca/cyberpowerpc-slc10780cpgv2-gamer-supreme/p/N82E16883230678?Description=3080&cm_re=3080-_-83-230-678-_-Product
CLX SET - Liquid Cooled Intel Core i9 10900KF 3.7GHz 10-Core Processor 64GB DDR4 Memory GeForce RTX 3080 10GB GDDR6X Graphics 1TB SSD 6TB HDD WiFi Windows 11 Home,4672,https://www.newegg.ca/clx-tgmsetrth0a29bm/p/3D5-000B-001M8?Description=3080&cm_re=3080-_-9SIACY7F6J8624-_-Product
CLX SET VR-Ready Gaming Desktop - Liquid Cooled AMD Ryzen 9 5950X 3.4Ghz 16-Core Processor 32GB DDR4 Memory GeForce RTX 3080 10GB GDDR6X Graphics 960GB SSD 4TB HDD WiFi Windows 11 Home 64-bit,4673,https://www.newegg.ca/clx-tgmsetrth0b18br/p/3D5-000B-001U0?Description=3080&cm_re=3080-_-9SIACY7F5G3938-_-Product
CLX SET Gaming Desktop - Liquid Cooled Intel Core i9 11900KF 3.5GHz 8-Core Processor 32GB DDR4 Memory GeForce RTX 3080 Ti 12GB GDDR6X Graphics 500GB SSD 4TB HDD WiFi Windows 11 Home 64-bit,4685,https://www.newegg.ca/clx-tgmsetrth1674bm/p/3D5-000B-002D1?Description=3080&cm_re=3080-_-9SIACY7FAT1236-_-Product
CLX SET Gaming Desktop - Liquid Cooled AMD Ryzen 9 5900X 3.7GHz 12-Core Processor 32GB DDR4 Memory GeForce RTX 3080 Ti 12GB GDDR6X Graphics 500GB SSD 4TB HDD WiFi Windows 11 Home 64-bit,4700,https://www.newegg.ca/clx-tgmsetrth1671bm/p/3D5-000B-002C5?Description=3080&cm_re=3080-_-9SIACY7FAT1231-_-Product
ABS Legend Gaming PC - Windows 10 Home - Intel i9 11900KF - GeForce RTX 3080 Ti - G.Skill TridentZ RGB 16GB DDR4 3200 MHz - 1TB Intel M.2 NVMe SSD,4799,https://www.newegg.ca/abs-ali593/p/N82E16883360228?Description=3080&cm_re=3080-_-83-360-228-_-Product
Corsair Compact Gaming Desktop ONE i200 CS-9020026-NA Intel Core i9 11th Gen 11900K (3.50GHz) 32GB DDR4 2TB HDD 1 TB PCIe SSD NVIDIA GeForce RTX 3080 Windows 10 Home 64-bit,4799,https://www.newegg.ca/corsair-cs-9020026-na-one-i200/p/N82E16883304014?Description=3080&cm_re=3080-_-83-304-014-_-Product
CLX SET Gaming Desktop - Intel Core i9 10940X Processor 32GB DDR4 Memory NVIDIA GeForce RTX 3080 Graphics 480 GB SSD 3 TB HDD WiFi Windows 11 Home 64-bit,4905,https://www.newegg.ca/clx-tgmsetrth0915br/p/3D5-000B-00156?Description=3080&cm_re=3080-_-9SIACY7F5G3904-_-Product
IPASON - Gaming PC - AMD R9 5950X - GeForce RTX 3080 Ti  - G.SKILL RGB 32GB DDR4 3600MHz - 1TB  PCI-E NVMe SSD - 360MM AIO - Windows 10 Pro 64-bit - Gaming desktop,4949,https://www.newegg.ca/p/3D5-001U-00116?Description=3080&cm_re=3080-_-3D5-001U-00116-_-Product
CLX SET Gaming Desktop - AMD Ryzen 9 3950X Processor 64GB DDR4 Memory NVIDIA GeForce RTX 3080 Graphics 1 TB SSD 6 TB HDD WiFi Windows 11 Home 64-bit,4957,https://www.newegg.ca/clx-tgmsetrth0912bm/p/3D5-000B-00145?Description=3080&cm_re=3080-_-9SIACY7F5G3930-_-Product
CLX SET Gaming Desktop - Intel Core i9 10900X Processor 64GB DDR4 Memory NVIDIA GeForce RTX 3080 Graphics 1 TB SSD 6 TB HDD WiFi Windows 11 Home 64-bit,4969,https://www.newegg.ca/clx-tgmsetrth0916bm/p/3D5-000B-00160?Description=3080&cm_re=3080-_-9SIACY7F5G3908-_-Product
CLX SET VR-Ready Gaming Desktop - Liquid Cooled AMD Ryzen 9 5950X 3.4Ghz 16-Core Processor 64GB DDR4 Memory GeForce RTX 3080 10GB GDDR6X Graphics 1TB SSD 6TB HDD WiFi Windows 11 Home 64-bit,4982,https://www.newegg.ca/clx-tgmsetrth0b26bm/p/3D5-000B-001U8?Description=3080&cm_re=3080-_-9SIACY7F5G3940-_-Product
WinFast RTX 3080 Ti LIFE ES LHR Graphics Card 12GB 384-bit GDDR6X Support PCI Express 4.0 1365MHz Core Frequency and 19000MHz Memory Frequency 1×HDMI2.1 3×DisplayPort1.4a,4999,https://www.newegg.ca/lt-rtx-3080-ti-life-es-lhr/p/1FT-0040-00100?Description=3080&cm_re=3080-_-9SIADDZFFY5239-_-Product
ASUS ROG Strix GeForce RTX 3080 10GB GDDR6X PCI Express 4.0 x16 Video Card ROG-STRIX-RTX3080-O10G-GUNDAMWHITE GPUWHITE Graphics Card,4999,https://www.newegg.ca/p/1FT-000Y-00611?Description=3080&cm_re=3080-_-1FT-000Y-00611-_-Product
CLX SET Gaming Desktop - Intel Core i9 10920X Processor 64GB DDR4 Memory NVIDIA GeForce RTX 3080 Graphics 1 TB SSD 6 TB HDD WiFi Windows 11 Home 64-bit,5152,https://www.newegg.ca/clx-tgmsetrth0917bm/p/3D5-000B-00164?Description=3080&cm_re=3080-_-9SIACY7F5G3912-_-Product
CORN iGame GeForce RTX 3080 Ti Vulcan OC-V 12GB Graphics Card,5189,https://www.newegg.ca/corn-rtx-3080-ti-vulcan-oc-v/p/1FT-0040-000S2?Description=3080&cm_re=3080-_-9SIADDZFD50911-_-Product
CLX SET Gaming Desktop - Intel Core i9 10940X Processor 64GB DDR4 Memory NVIDIA GeForce RTX 3080 Graphics 1 TB SSD 6 TB HDD WiFi Windows 11 Home 64-bit,5305,https://www.newegg.ca/clx-tgmsetrth0918bm/p/3D5-000B-00168?Description=3080&cm_re=3080-_-9SIACY7F5G3916-_-Product
MSI Gaming Desktop Aegis RS 12TF-252US Intel Core i9 12th Gen 12900KF (3.20GHz) 64GB DDR5 2TB HDD 2 TB PCIe SSD NVIDIA GeForce RTX 3080 Ti Windows 11 Home 64-bit,5399,https://www.newegg.ca/msi-aegis-rs-12tf-252us/p/N82E16883151012?Description=3080&cm_re=3080-_-83-151-012-_-Product
IPASON - Gaming Desktop - 10900K 10 Core up to 5.3GHz - RTX 3080 10GB - 1TB NVMe SSD -G.SKILL Trident Z RGB 32GB(16*2) DDR4 3600MHz - Windows 10 home - Gaming PC,5480,https://www.newegg.ca/p/3D5-001U-00020?Description=3080&cm_re=3080-_-9SIAZRSF115541-_-Product
CORN GeForce RTX 3080 Ti HOF Extreme Graphics Card GA102-225 12GB DDR6X,5559,https://www.newegg.ca/corn-rtx-3080-ti-hof-extreme/p/1FT-0040-000W0?Description=3080&cm_re=3080-_-9SIADDZFED8026-_-Product
ABS Legend Gaming PC - Windows 11 Pro - Intel i9 12900KF - GeForce RTX 3080 Ti - Corsair Dominator Platinum 32GB (2x16GB) DDR5 5200MHz - 2TB M.2 NVMe SSD - Corsair iCue 5000x Gaming Case,5999,https://www.newegg.ca/abs-ali628/p/N82E16883360293?Description=3080&cm_re=3080-_-83-360-293-_-Product
